{
    "hsv_ranges": {
        "red": [
            [ 170, 100, 100 ],
            [ 180, 255, 255 ]
        ],
        "green": [
            [ 55, 100, 50 ],
            [ 73, 255, 255 ]
        ],
        "blue": [
            [ 100, 50, 25 ],
            [ 120, 255, 255 ]
        ]
    },
    "cam_intr": [
        [ 601.67626953125, 0.0, 325.53509521484375 ],
        [ 0.0, 601.7260131835938, 248.60618591308594 ],
        [ 0.0, 0.0, 1.0 ]
    ],
    "cam_extr": [
        [ 1.0, 0.0, -0.01, 0.743 ],
        [ 0.0, -1.0, -0.007, 0.082 ],
        [ -0.01, 0.007, -1.0, 1.441 ],
        [ 0.0, 0.0, 0.0, 1.0 ]
    ],
    "init_endcap_pos": {
        "0": [
            0.43477299324072755,
            -0.1537800678270855,
            1.421332521689312
        ],
        "1": [
            0.3247547369625749,
            0.14429776085152166,
            1.2520804144388364
        ],
        "2": [
            0.25244105397409394,
            -0.12057934137303442,
            1.4107384017468803
        ],
        "3": [
            0.4838851552748599,
            0.14457725157525905,
            1.3350705773238098
        ],
        "4": [
            0.35338611402883474,
            -0.1416952316803925,
            1.2462032871149615
        ],
        "5": [
            0.30512378494768605,
            0.16732149545700853,
            1.4244711078023375
        ]
    },
    "im_w": 640,
    "im_h": 480,
    "depth_scale": 4000,
    "num_rods": 3,
    "rod_length": 0.36,
    "rod_diameter": 0.02,
    "rod_scale": 1,
    "depth_trunc": 3,
    "cable_length_scale": 1000,
    "end_cap_colors": [ "red", "green", "blue" ],
    "node_to_color": [ "red", "red", "green", "green", "blue", "blue" ],
    "color_to_rod": {
        "red": [ 0, 1 ],
        "green": [ 2, 3 ],
        "blue": [ 4, 5 ]
    },
    "sensor_to_tendon": {
        "0": [ 3, 5 ],
        "1": [ 1, 3 ],
        "2": [ 1, 5 ],
        "3": [ 0, 2 ],
        "4": [ 0, 4 ],
        "5": [ 2, 4 ],
        "6": [ 2, 5 ],
        "7": [ 0, 3 ],
        "8": [ 1, 4 ]
    },
    "sensor_status": {
        "0": true,
        "1": true,
        "2": true,
        "3": true,
        "4": true,
        "5": true,
        "6": true,
        "7": true,
        "8": true
    }
}