{
    "hsv_ranges": {
        "red": [
            [ 160, 90, 30 ],
            [ 180, 255, 255 ]
        ],
        "green": [
            [ 75, 100, 30 ],
            [ 95, 255, 255 ]
        ],
        "blue": [
            [ 100, 75, 50 ],
            [ 110, 255, 140 ]
        ]
    },
    "cam_intr": [
        [
            607.6858520507812,
            0,
            326.55035400390625
        ],
        [
            0,
            607.9865112304688,
            250.6623992919922
        ],
        [
            0,
            0,
            1
        ]],
    "cam_extr": [[-0.9994601014447532, -0.003399593397989731, 0.032679479567029865, 0.7902135207104344], [-0.0037424738021064607, 0.9999385317791811, -0.010436788449342833, 0.6969022390338172], [-0.03264198998045499, -0.010553455738483701, -0.9994113892997677, 2.364086171333933], [0.0, 0.0, 0.0, 1.0]],
    "im_w": 640,
    "im_h": 480,
    "depth_scale": 4000,
    "num_rods": 3,
    "rod_length": 0.36,
    "rod_diameter": 0.02,
    "rod_scale": 1,
    "depth_trunc": 3,
    "cable_length_scale": 1000,
    "end_cap_colors": [ "red", "green", "blue" ],
    "node_to_color": [ "red", "red", "green", "green", "blue", "blue" ],
    "color_to_rod": {
        "red": [ 0, 1 ],
        "green": [ 2, 3 ],
        "blue": [ 4, 5 ]
    },
    "sensor_to_tendon": {
        "0": [ 3, 5 ],
        "1": [ 1, 3 ],
        "2": [ 1, 5 ],
        "3": [ 0, 2 ],
        "4": [ 0, 4 ],
        "5": [ 2, 4 ],
        "6": [ 2, 5 ],
        "7": [ 0, 3 ],
        "8": [ 1, 4 ]
    },
    "sensor_status": {
        "0": true,
        "1": true,
        "2": true,
        "3": true,
        "4": true,
        "5": true,
        "6": true,
        "7": true,
        "8": true
    }
}