{
    "hsv_ranges": {
        "red": [
            [ 160, 90, 30 ],
            [ 180, 255, 255 ]
        ],
        "green": [
            [ 75, 100, 30 ],
            [ 95, 255, 255 ]
        ],
        "blue": [
            [ 100, 75, 50 ],
            [ 110, 255, 140 ]
        ]
    },
    "cam_intr": [
        [ 601.67626953125, 0.0, 325.53509521484375 ],
        [ 0.0, 601.7260131835938, 248.60618591308594 ],
        [ 0.0, 0.0, 1.0 ]
    ],
    "cam_extr": [
         [-0.99946010,  0.00374247,  0.03264199,   0.86956350],
         [-0.00339959, -0.99993853,  0.01055346,  -0.66922372],
         [ 0.03267984,  0.01043679,  0.99941139,   2.34414430],
         [ 0.00000000e+00,  0.00000000e+00,  0.00000000e+00,  1.00000000e+00]

    ],
    "im_w": 640,
    "im_h": 480,
    "depth_scale": 4000,
    "num_rods": 3,
    "rod_length": 0.36,
    "rod_diameter": 0.02,
    "rod_scale": 1,
    "depth_trunc": 3,
    "cable_length_scale": 1000,
    "end_cap_colors": [ "red", "green", "blue" ],
    "node_to_color": [ "red", "red", "green", "green", "blue", "blue" ],
    "color_to_rod": {
        "red": [ 0, 1 ],
        "green": [ 2, 3 ],
        "blue": [ 4, 5 ]
    },
    "sensor_to_tendon": {
        "0": [ 3, 5 ],
        "1": [ 1, 3 ],
        "2": [ 1, 5 ],
        "3": [ 0, 2 ],
        "4": [ 0, 4 ],
        "5": [ 2, 4 ],
        "6": [ 2, 5 ],
        "7": [ 0, 3 ],
        "8": [ 1, 4 ]
    },
    "sensor_status": {
        "0": true,
        "1": true,
        "2": true,
        "3": true,
        "4": true,
        "5": true,
        "6": true,
        "7": true,
        "8": true
    }
}